draw_id	numbers	date	strong_number
2825	01,10,11,12,18,19	13-09-16	5
2826	11,14,22,26,27,33	17-09-16	7
2827	05,09,19,21,22,34	20-09-16	2
2828	09,15,17,25,27,32	24-09-16	3
2829	05,11,18,20,30,35	27-09-16	5
2830	14,20,23,25,26,35	01-10-16	3
2831	09,11,14,16,27,37	05-10-16	1
2832	01,09,10,21,24,32	08-10-16	1
2833	03,08,17,20,22,30	10-10-16	3
2834	09,20,22,23,24,29	15-10-16	6
2835	04,05,09,12,16,29	18-10-16	3
2836	01,06,12,14,36,37	22-10-16	3
2837	04,16,19,25,29,37	25-10-16	6
2838	04,16,21,23,24,27	29-10-16	3
2839	12,18,20,21,29,35	01-11-16	4
2840	03,09,13,16,22,34	05-11-16	6
2841	04,11,12,26,28,29	08-11-16	6
2842	02,14,16,18,32,37	12-11-16	3
2843	02,11,21,22,26,32	15-11-16	6
2844	13,16,19,22,25,31	19-11-16	2
2845	02,03,05,08,23,29	22-11-16	4
2846	01,12,13,29,32,36	26-11-16	1
2847	01,08,20,25,33,37	29-11-16	7
2848	06,16,20,25,26,27	03-12-16	6
2849	02,05,09,13,26,29	06-12-16	2
2850	08,09,15,21,26,29	10-12-16	3
2851	04,12,16,28,29,31	13-12-16	5
2852	01,02,10,12,26,29	17-12-16	6
2853	01,03,04,10,16,17	20-12-16	1
2854	05,08,21,28,31,35	24-12-16	2
2855	08,10,12,24,25,29	27-12-16	3
2856	11,13,27,30,32,34	31-12-16	6
2857	01,03,06,27,29,33	03-01-17	7
2858	05,06,09,17,24,31	07-01-17	7
2859	14,15,19,31,34,35	10-01-17	3
2860	05,07,10,15,26,37	14-01-17	7
2861	03,09,14,15,21,22	17-01-17	3
2862	08,09,12,13,29,34	21-01-17	5
2863	10,13,16,17,26,34	24-01-17	7
2864	05,08,11,16,22,29	28-01-17	6
2865	01,06,11,14,17,27	31-01-17	4
2866	04,22,24,25,26,29	04-02-17	6
2867	05,12,16,22,27,31	07-02-17	4
2868	12,15,17,18,22,26	11-02-17	1
2869	16,18,19,30,31,32	14-02-17	3
2870	06,08,14,19,20,37	18-02-17	5
2871	03,27,28,30,31,35	21-02-17	7
2872	01,06,18,24,28,35	25-02-17	2
2873	05,07,13,15,18,23	28-02-17	2
2874	03,08,09,12,27,33	04-03-17	3
2875	10,11,17,19,26,30	07-03-17	5
2876	11,13,18,20,25,29	11-03-17	7
2877	13,20,26,30,31,34	14-03-17	2
2878	03,11,22,24,33,36	18-03-17	7
2879	03,10,13,18,25,26	21-03-17	6
2880	03,08,10,11,26,36	23-03-17	2
2881	14,15,16,24,32,36	25-03-17	1
2882	13,15,21,23,30,36	28-03-17	6
2883	06,14,15,18,22,36	01-04-17	4
2884	04,05,16,24,33,34	04-04-17	2
2885	05,06,07,24,27,32	06-04-17	5
2886	07,11,18,21,25,29	08-04-17	7
2887	04,07,10,22,27,36	12-04-17	6
2888	03,06,12,25,28,36	15-04-17	7
2889	02,08,10,16,18,27	18-04-17	5
2890	09,20,27,28,30,34	22-04-17	1
2891	04,08,11,13,24,32	25-04-17	6
2892	19,21,24,25,30,36	29-04-17	5
2893	05,06,07,16,17,33	03-05-17	4
2894	02,07,11,23,25,29	06-05-17	4
2895	01,07,11,15,20,30	09-05-17	5
2896	05,06,18,19,21,36	11-05-17	6
2897	03,20,24,27,32,37	13-05-17	2
2898	08,13,27,28,30,36	16-05-17	2
2899	01,03,08,10,11,31	20-05-17	3
2900	02,08,17,20,27,31	23-05-17	7
2901	10,13,15,22,32,33	27-05-17	7
2902	01,09,14,15,19,25	31-05-17	6
2903	10,11,14,17,19,26	03-06-17	5
2904	08,18,21,22,26,33	06-06-17	1
2905	03,05,10,13,26,27	10-06-17	4
2906	04,19,22,28,31,33	13-06-17	7
2907	06,12,23,25,26,35	15-06-17	4
2908	04,07,10,20,22,26	17-06-17	7
2909	02,09,17,19,34,35	20-06-17	2
2910	02,03,08,11,26,29	24-06-17	6
2911	08,09,14,22,32,33	27-06-17	7
2912	19,20,21,24,34,35	01-07-17	5
2913	04,08,15,24,36,37	04-07-17	5
2914	11,21,22,24,26,30	06-07-17	3
2915	09,18,22,24,27,34	08-07-17	6
2916	03,05,08,11,22,33	11-07-17	5
2917	03,10,20,22,33,37	15-07-17	3
2918	07,10,14,17,27,29	18-07-17	4
2919	06,07,11,12,23,30	22-07-17	3
2920	12,14,19,27,31,34	25-07-17	4
2921	01,05,26,31,34,35	29-07-17	4
2922	04,10,17,23,28,37	01-08-17	5
2923	06,09,21,31,34,35	03-08-17	4
2924	04,07,11,12,15,37	05-08-17	4
2925	13,17,26,31,35,37	08-08-17	4
2926	20,22,29,31,32,33	12-08-17	3
2927	06,08,12,14,28,34	15-08-17	4
2928	06,17,28,30,32,33	19-08-17	6
2929	05,08,10,26,29,35	22-08-17	6
2930	12,13,25,27,31,33	24-08-17	3
2931	05,10,15,22,25,33	26-08-17	1
2932	01,03,22,26,29,36	29-08-17	5
2933	01,08,14,21,25,31	02-09-17	1
2934	03,06,13,15,28,31	05-09-17	1
2935	13,20,25,28,29,30	07-09-17	1
2936	07,12,15,18,23,28	09-09-17	1
2937	05,06,09,11,15,23	12-09-17	2
2938	09,20,21,24,25,37	16-09-17	7
2939	02,04,05,09,12,27	19-09-17	5
2940	06,08,11,23,25,32	24-09-17	1
2941	05,16,20,24,29,34	26-09-17	4
2942	03,10,18,20,24,33	01-10-17	2
2943	01,02,15,28,29,32	03-10-17	6
2944	02,04,12,28,30,32	07-10-17	7
2945	04,05,11,27,32,37	10-10-17	1
2946	12,18,20,23,25,37	14-10-17	5
2947	06,18,26,31,34,37	17-10-17	1
2948	08,15,21,23,29,37	19-10-17	2
2949	15,20,24,25,29,30	21-10-17	5
2950	02,03,12,22,25,27	24-10-17	7
2951	23,25,28,30,31,34	28-10-17	3
2952	01,06,07,12,34,35	31-10-17	6
2953	03,06,09,14,16,35	02-11-17	7
2954	06,08,24,28,30,35	04-11-17	5
2955	01,06,23,33,34,36	07-11-17	6
2956	01,08,10,12,29,34	11-11-17	1
2957	20,23,27,28,30,34	14-11-17	3
2958	16,22,27,29,33,36	18-11-17	7
2959	01,06,08,17,19,24	21-11-17	3
2960	06,16,21,25,32,33	25-11-17	7
2961	06,10,14,20,31,37	28-11-17	6
2962	04,08,13,17,28,33	02-12-17	6
2963	15,20,27,28,29,37	05-12-17	3
2964	06,07,18,21,26,33	07-12-17	3
2965	10,18,27,30,32,37	09-12-17	1
2966	02,10,15,17,25,33	12-12-17	6
2967	03,06,10,11,26,29	16-12-17	6
2968	03,09,11,12,28,35	19-12-17	4
2969	07,09,25,30,31,36	23-12-17	1
2970	03,18,19,29,36,37	26-12-17	6
2971	06,07,08,17,18,29	28-12-17	1
2972	03,06,17,18,34,36	30-12-17	2
2973	04,06,07,10,20,28	02-01-18	1
2974	01,03,12,23,28,31	04-01-18	4
2975	02,06,12,18,26,28	06-01-18	1
2976	06,11,13,29,32,34	09-01-18	2
2977	07,11,23,30,32,34	13-01-18	1
2978	03,12,15,20,23,26	16-01-18	4
2979	03,06,11,16,26,34	20-01-18	6
2980	07,13,16,17,29,34	23-01-18	1
2981	09,16,22,26,28,37	27-01-18	1
2982	05,21,22,25,32,36	30-01-18	6
2983	02,06,17,21,30,35	01-02-18	3
2984	05,13,15,23,28,35	03-02-18	2
2985	17,19,20,27,29,33	06-02-18	1
2986	04,05,11,16,18,20	10-02-18	6
2987	02,05,11,12,15,33	13-02-18	6
2988	01,03,05,17,18,26	17-02-18	5
2989	05,06,10,12,18,26	20-02-18	2
2990	02,06,09,13,35,37	24-02-18	3
2991	05,10,12,19,20,25	27-02-18	4
2992	01,02,03,10,16,37	03-03-18	5
2993	04,11,13,24,25,34	06-03-18	5
2994	09,11,15,22,28,32	08-03-18	2
2995	03,25,26,30,31,34	10-03-18	3
2996	22,24,28,29,30,33	13-03-18	4
2997	07,08,10,19,27,37	17-03-18	6
2998	05,06,11,13,21,30	20-03-18	5
2999	02,05,08,20,22,28	24-03-18	3
3000	02,09,17,23,27,31	27-03-18	1
3001	01,02,03,13,22,30	31-03-18	7
3002	03,10,11,20,24,30	03-04-18	2
3003	01,23,26,31,33,37	08-04-18	5
3004	01,07,11,22,24,34	10-04-18	2
3005	05,11,12,18,28,35	14-04-18	3
3006	02,10,11,22,28,33	16-04-18	6
3007	06,07,12,22,23,28	21-04-18	6
3008	13,15,26,27,29,37	24-04-18	7
3009	05,11,16,18,23,26	26-04-18	1
3010	04,06,07,10,11,18	28-04-18	2
3011	04,06,09,12,32,36	01-05-18	1
3012	10,12,22,23,30,37	05-05-18	5
3013	02,14,18,23,30,32	08-05-18	4
3014	04,08,11,29,34,35	10-05-18	7
3015	06,10,18,23,33,36	12-05-18	6
3016	02,04,10,14,23,28	15-05-18	6
3017	07,10,21,27,33,36	20-05-18	5
3018	01,13,26,31,34,37	22-05-18	4
3019	18,21,23,25,27,34	26-05-18	7
3020	12,13,16,20,21,32	29-05-18	2
3021	09,20,22,23,27,32	02-06-18	7
3022	01,08,19,22,34,35	05-06-18	6
3023	01,03,11,15,26,32	07-06-18	7
3024	08,10,14,17,25,34	09-06-18	5
3025	05,09,10,12,34,35	12-06-18	1
3026	08,10,18,23,29,30	16-06-18	7
3027	05,07,11,14,23,36	19-06-18	2
3028	19,26,30,31,33,35	21-06-18	3
3029	02,09,13,17,21,26	23-06-18	6
3030	01,03,29,30,32,37	26-06-18	3
3031	02,09,11,13,19,28	30-06-18	3
3032	05,07,11,12,28,34	03-07-18	5
3033	07,13,15,19,28,36	05-07-18	6
3034	08,11,22,29,30,32	07-07-18	1
3035	02,07,08,09,10,15	10-07-18	2
3036	11,22,27,32,34,36	14-07-18	3
3037	13,19,21,27,29,32	17-07-18	3
3038	03,11,13,25,28,35	22-07-18	1
3039	02,09,15,26,29,35	24-07-18	5
3040	06,09,26,29,36,37	28-07-18	1
3041	02,14,25,26,32,33	31-07-18	4
3042	02,09,11,16,23,35	02-08-18	1
3043	09,16,22,23,25,28	04-08-18	3
3044	02,06,17,22,30,33	07-08-18	5
3045	04,05,08,25,26,33	11-08-18	7
3046	07,13,16,18,19,28	14-08-18	5
3047	01,03,18,20,23,37	18-08-18	4
3048	01,05,11,12,22,27	21-08-18	2
3049	10,13,18,26,31,33	25-08-18	4
3050	01,04,27,34,36,37	28-08-18	7
3051	09,18,24,28,30,36	01-09-18	7
3052	07,09,12,16,27,33	04-09-18	4
3053	01,04,07,08,12,16	06-09-18	1
3054	04,06,20,23,28,34	08-09-18	2
3055	07,08,11,20,30,37	12-09-18	7
3056	04,08,13,18,21,32	15-09-18	7
3057	02,12,16,17,28,36	17-09-18	4
3058	07,11,18,20,21,22	22-09-18	1
3059	06,13,22,25,29,37	25-09-18	5
3060	01,08,15,16,20,31	29-09-18	6
3061	04,12,21,24,35,37	02-10-18	7
3062	07,14,18,27,34,37	04-10-18	7
3063	01,03,13,17,21,32	06-10-18	1
3064	06,16,21,27,28,29	09-10-18	1
3065	01,05,15,17,23,37	13-10-18	5
3066	08,13,14,27,30,37	16-10-18	6
3067	07,20,21,25,35,37	20-10-18	3
3068	04,16,23,29,35,36	23-10-18	4
3069	11,17,19,25,27,28	27-10-18	2
3070	06,07,11,17,22,29	30-10-18	6
3071	04,08,13,20,27,29	01-11-18	6
3072	02,07,09,19,24,25	03-11-18	7
3073	08,09,13,14,27,29	06-11-18	5
3074	16,18,20,22,24,25	10-11-18	4
3075	09,20,25,27,34,37	13-11-18	2
3076	06,16,23,24,30,33	17-11-18	1
3077	03,05,16,18,21,26	20-11-18	2
3078	02,12,14,18,22,25	24-11-18	7
3079	03,05,08,18,19,29	27-11-18	2
3080	07,08,25,31,32,35	01-12-18	7
3081	01,03,07,09,15,22	04-12-18	2
3082	08,11,13,18,25,31	08-12-18	6
3083	15,21,23,27,36,37	11-12-18	3
3084	01,10,18,25,31,36	13-12-18	6
3085	01,03,04,13,23,28	15-12-18	5
3086	03,16,19,22,25,26	18-12-18	2
3087	16,17,19,29,34,37	22-12-18	4
3088	06,09,10,11,18,29	25-12-18	5
3089	12,13,19,21,35,36	27-12-18	6
3090	03,07,11,17,19,31	29-12-18	6
3091	07,13,15,16,20,31	01-01-19	7
3092	08,14,20,23,24,28	03-01-19	4
3093	06,09,13,20,26,36	05-01-19	7
3094	05,08,14,15,18,25	08-01-19	3
3095	08,15,20,24,25,33	12-01-19	4
3096	06,07,17,28,33,36	15-01-19	7
3097	04,09,17,26,27,37	19-01-19	2
3098	03,10,13,17,33,37	22-01-19	2
3099	11,12,26,34,36,37	26-01-19	2
3100	01,13,20,25,31,33	29-01-19	2
3101	11,18,19,25,35,37	02-02-19	5
3102	01,06,12,17,22,26	05-02-19	6
3103	04,13,18,22,28,34	07-02-19	3
3104	03,07,09,21,22,33	09-02-19	7
3105	10,11,17,21,23,32	12-02-19	7
3106	03,09,11,13,21,25	16-02-19	7
3107	03,09,23,24,25,26	19-02-19	2
3108	12,15,21,24,30,32	23-02-19	7
3109	05,06,12,16,29,34	26-02-19	5
3110	20,25,28,34,36,37	02-03-19	6
3111	02,21,25,27,28,36	05-03-19	6
3112	11,14,19,20,21,26	07-03-19	2
3113	12,14,15,18,20,21	09-03-19	5
3114	06,20,25,30,33,35	12-03-19	1
3115	07,11,12,25,28,31	16-03-19	6
3116	03,22,24,25,28,37	19-03-19	6
3117	03,05,07,18,23,27	23-03-19	7
3118	01,15,20,22,23,31	26-03-19	4
3119	04,06,10,18,22,25	30-03-19	6
3120	01,11,17,21,33,34	02-04-19	1
3121	04,05,19,25,31,32	04-04-19	3
3122	03,04,05,18,23,29	06-04-19	4
3123	01,03,06,09,14,28	09-04-19	1
3124	10,13,14,19,20,25	13-04-19	6
3125	12,13,15,17,25,31	16-04-19	2
3126	01,08,15,22,31,35	20-04-19	4
3127	02,08,15,27,31,35	23-04-19	4
3128	08,19,26,30,31,36	28-04-19	2
3129	01,12,17,21,25,26	30-04-19	2
3130	09,10,11,13,15,21	04-05-19	3
3131	07,08,11,14,16,22	06-05-19	5
3132	06,18,19,23,24,28	11-05-19	4
3133	01,12,16,20,30,36	14-05-19	6
3134	01,08,13,21,25,31	16-05-19	5
3135	03,27,29,31,32,33	18-05-19	3
3136	17,20,22,24,28,32	21-05-19	7
3137	03,10,16,25,29,32	25-05-19	1
3138	01,04,11,14,17,22	28-05-19	2
3139	04,05,19,24,31,37	01-06-19	6
3140	01,06,19,22,25,32	04-06-19	5
3141	10,12,15,19,27,28	06-06-19	3
3142	03,13,14,20,22,23	09-06-19	3
3143	04,13,17,19,25,37	11-06-19	1
3144	04,07,08,09,16,31	15-06-19	1
3145	01,09,13,19,20,34	18-06-19	5
3146	04,11,16,25,35,36	20-06-19	6
3147	03,10,11,17,24,36	22-06-19	7
3148	17,22,26,28,34,36	25-06-19	5
3149	10,11,14,24,27,35	29-06-19	3
3150	01,28,29,30,32,34	02-07-19	5
3151	08,18,26,29,31,36	04-07-19	4
3152	04,18,19,23,24,37	06-07-19	5
3153	01,10,12,14,27,29	09-07-19	2
3154	13,15,16,28,31,32	13-07-19	6
3155	03,04,07,18,22,23	16-07-19	2
3156	14,17,25,26,29,35	20-07-19	7
3157	01,10,28,31,32,35	23-07-19	6
3158	04,13,17,28,35,37	27-07-19	3
3159	06,10,11,24,32,36	30-07-19	4
3160	11,19,20,27,30,37	03-08-19	5
3161	01,14,25,29,30,33	06-08-19	3
3162	06,10,22,25,30,37	08-08-19	1
3163	11,17,25,33,35,36	11-08-19	3
3164	01,13,15,27,31,35	13-08-19	4
3165	11,13,17,24,34,36	17-08-19	1
3166	09,16,21,25,27,36	20-08-19	5
3167	04,05,06,09,20,37	24-08-19	6
3168	02,06,09,12,16,18	27-08-19	2
3169	01,03,18,21,23,36	31-08-19	3
3170	01,04,06,17,20,34	03-09-19	1
3171	01,07,10,24,28,37	05-09-19	7
3172	06,10,29,32,33,34	07-09-19	3
3173	03,12,13,17,18,36	10-09-19	5
3174	07,16,17,27,32,37	14-09-19	6
3175	02,08,16,19,29,33	17-09-19	7
3176	02,11,22,32,35,37	21-09-19	3
3177	05,06,07,14,26,37	24-09-19	4
3178	03,19,25,30,33,34	28-09-19	6
3179	01,22,32,33,35,37	02-10-19	4
3180	06,08,12,13,32,35	05-10-19	4
3181	08,14,16,26,32,35	10-10-19	2
3182	01,05,12,22,34,37	12-10-19	6
3183	03,04,06,08,14,35	15-10-19	1
3184	04,05,10,16,17,18	19-10-19	3
3185	05,14,15,19,20,31	22-10-19	3
3186	01,15,19,23,28,32	26-10-19	3
3187	03,13,20,26,29,35	29-10-19	1
3188	01,11,27,29,33,37	02-11-19	6
3189	09,11,14,19,23,33	05-11-19	2
3190	01,19,21,26,30,33	07-11-19	3
3191	10,16,19,30,34,37	09-11-19	4
3192	02,06,14,19,27,29	12-11-19	3
3193	03,08,31,32,34,35	16-11-19	5
3194	02,10,15,17,18,24	19-11-19	1
3195	04,07,09,14,20,22	21-11-19	4
3196	06,07,14,19,20,28	23-11-19	1
3197	02,05,08,22,24,29	26-11-19	5
3198	06,17,20,25,33,36	30-11-19	3
3199	09,10,16,20,32,34	03-12-19	3
3200	08,09,10,17,30,34	05-12-19	4
3201	02,15,20,26,27,30	07-12-19	7
3202	06,15,28,31,34,35	10-12-19	2
3203	02,03,05,09,24,32	14-12-19	6
3204	02,05,12,14,29,33	17-12-19	3
3205	04,13,15,22,30,37	19-12-19	2
3206	01,06,07,16,26,36	21-12-19	1
3207	02,11,16,21,22,31	24-12-19	7
3208	02,17,18,29,31,32	28-12-19	2
3209	01,05,08,15,17,31	31-12-19	2
3210	01,07,12,18,31,33	04-01-20	3
3211	02,06,09,27,35,37	07-01-20	7
3212	07,14,16,31,32,35	11-01-20	3
3213	06,16,23,25,27,30	14-01-20	6
3214	08,21,23,24,36,37	16-01-20	2
3215	05,09,12,28,30,36	18-01-20	1
3216	01,04,06,30,35,36	21-01-20	4
3217	03,04,17,22,27,34	25-01-20	7
3218	12,14,16,17,31,36	28-01-20	5
3219	08,12,26,28,32,33	01-02-20	3
3220	09,21,25,27,32,34	04-02-20	4
3221	05,09,13,14,17,33	06-02-20	2
3222	01,19,20,32,34,35	08-02-20	4
3223	05,06,12,16,25,33	11-02-20	1
3224	04,08,10,14,21,35	15-02-20	2
3225	07,08,15,20,27,29	18-02-20	4
3226	01,15,22,23,29,33	22-02-20	3
3227	06,16,18,28,33,37	25-02-20	2
3228	07,21,25,27,30,31	29-02-20	6
3229	02,04,20,23,25,35	03-03-20	5
3230	04,10,15,18,26,32	05-03-20	6
3231	14,19,21,22,23,32	07-03-20	5
3232	11,19,23,27,30,36	10-03-20	1
3233	11,13,17,18,32,35	14-03-20	7
3234	03,07,09,23,25,33	17-03-20	5
3235	15,16,18,20,28,37	25-04-20	4
3236	01,13,16,32,33,37	02-05-20	2
3237	01,02,06,08,20,37	05-05-20	1
3238	05,07,10,13,20,29	07-05-20	3
3239	08,09,13,24,26,34	09-05-20	1
3240	02,07,12,20,21,29	12-05-20	3
3241	10,11,14,19,24,35	16-05-20	6
3242	20,21,23,26,29,33	19-05-20	5
3243	05,08,10,12,14,22	23-05-20	4
3244	09,16,22,26,30,36	26-05-20	6
3245	01,13,25,27,33,37	30-05-20	5
3246	02,13,22,23,25,30	02-06-20	6
3247	05,15,26,28,32,37	04-06-20	3
3248	07,08,18,23,25,37	06-06-20	6
3249	13,14,21,24,27,30	09-06-20	3
3250	05,12,15,22,24,31	13-06-20	5
3251	18,19,28,30,32,35	16-06-20	3
3252	05,06,08,18,20,30	18-06-20	5
3253	03,05,10,11,18,23	20-06-20	2
3254	01,03,18,19,25,30	23-06-20	1
3255	01,06,13,21,25,28	27-06-20	1
3256	22,24,26,27,28,29	30-06-20	2
3257	10,12,13,24,25,31	02-07-20	7
3258	01,04,08,27,28,33	04-07-20	7
3259	01,07,09,21,31,36	07-07-20	4
3260	10,12,18,28,34,37	11-07-20	4
3261	06,20,22,30,32,33	14-07-20	5
3262	04,09,12,30,31,33	18-07-20	5
3263	03,06,10,12,30,36	21-07-20	5
3264	12,13,17,21,23,25	25-07-20	6
3265	01,03,11,13,25,34	28-07-20	3
3266	04,06,07,15,16,34	01-08-20	6
3267	04,17,20,21,33,34	04-08-20	6
3268	10,20,24,26,28,35	06-08-20	6
3269	05,09,14,27,29,34	08-08-20	2
3270	15,18,21,24,28,34	11-08-20	2
3271	01,12,14,17,24,28	15-08-20	1
3272	06,20,21,24,30,31	18-08-20	3
3273	02,06,07,19,24,28	20-08-20	1
3274	11,12,29,31,34,35	22-08-20	7
3275	02,12,19,20,21,36	25-08-20	5
3276	03,06,14,22,32,37	29-08-20	1
3277	04,05,08,13,17,28	01-09-20	5
3278	04,06,24,26,35,36	03-09-20	1
3279	06,19,23,28,33,34	05-09-20	3
3280	05,06,13,16,20,28	08-09-20	3
3281	02,05,12,17,23,32	12-09-20	4
3282	01,08,14,19,29,37	15-09-20	6
3283	05,10,12,14,24,29	17-09-20	5
3284	02,08,15,22,24,35	20-10-20	3
3285	20,22,31,32,36,37	24-10-20	3
3286	03,17,19,22,23,28	27-10-20	3
3287	05,11,14,24,30,36	31-10-20	7
3288	01,17,23,24,32,37	03-11-20	1
3289	05,10,14,23,26,35	07-11-20	2
3290	05,06,12,18,23,31	10-11-20	2
3291	09,19,22,24,29,34	14-11-20	7
3292	02,20,24,25,32,34	17-11-20	3
3293	04,17,25,27,34,37	19-11-20	3
3294	02,13,21,22,23,25	21-11-20	1
3295	01,05,22,27,28,29	24-11-20	5
3296	05,08,09,11,18,22	28-11-20	1
3297	03,04,12,16,22,31	01-12-20	3
3298	09,16,19,23,26,33	03-12-20	7
3299	01,15,21,25,33,37	05-12-20	3
3300	08,10,16,18,23,30	08-12-20	7
3301	03,05,19,20,31,37	12-12-20	7
3302	03,08,09,16,20,21	15-12-20	5
3303	03,09,11,22,26,34	19-12-20	5
3304	01,05,12,27,32,36	22-12-20	1
3305	01,10,17,20,35,36	26-12-20	7
3306	12,13,16,21,25,33	29-12-20	3
3307	06,19,20,25,27,32	02-01-21	3
3308	05,12,14,16,17,24	05-01-21	2
3309	12,24,25,28,34,37	09-01-21	3
3310	02,09,11,13,35,37	12-01-21	2
3311	01,09,17,22,33,36	16-01-21	1
3312	06,14,17,22,24,33	19-01-21	1
3313	03,07,12,16,23,37	23-01-21	6
3314	02,04,17,31,33,35	26-01-21	3
3315	14,17,19,20,28,29	30-01-21	3
3316	06,21,28,30,32,35	02-02-21	1
3317	03,16,18,20,30,36	06-02-21	3
3318	03,07,12,13,20,31	09-02-21	7
3319	05,22,26,31,33,36	13-02-21	5
3320	05,09,18,21,30,33	16-02-21	7
3321	08,10,15,20,23,32	20-02-21	7
3322	04,12,13,15,16,24	23-02-21	2
3323	14,16,22,23,29,30	28-02-21	6
3324	08,15,19,23,27,37	02-03-21	7
3325	07,20,24,26,27,37	04-03-21	4
3326	07,13,15,22,29,34	06-03-21	1
3327	01,05,24,25,29,35	09-03-21	3
3328	01,06,12,14,18,34	13-03-21	3
3329	04,05,14,17,24,32	16-03-21	5
3330	11,12,18,33,35,36	20-03-21	5
3331	08,16,22,26,28,34	23-03-21	7
3332	01,05,25,27,28,31	25-03-21	4
3333	01,07,16,23,28,34	30-03-21	5
3334	03,05,07,09,19,27	03-04-21	5
3335	05,13,15,21,22,33	06-04-21	7
3336	02,07,08,10,30,31	10-04-21	1
3337	02,05,06,07,15,30	12-04-21	7
3338	02,06,10,11,16,35	17-04-21	6
3339	01,03,04,13,20,37	20-04-21	5
3340	03,05,13,23,24,35	22-04-21	1
3341	01,02,13,14,22,36	24-04-21	7
3342	02,15,19,33,34,36	27-04-21	7
3343	02,05,11,18,24,25	01-05-21	5
3344	11,22,23,25,32,34	04-05-21	6
3345	04,08,13,17,28,29	06-05-21	4
3346	10,11,12,20,26,35	08-05-21	3
3347	04,06,14,20,28,31	11-05-21	6
3348	01,05,09,24,36,37	15-05-21	1
3349	01,13,14,17,19,20	18-05-21	4
3350	01,05,10,21,22,33	22-05-21	7
3351	04,09,13,14,25,34	25-05-21	4
3352	09,11,15,21,23,24	29-05-21	2
3353	04,06,13,14,16,31	01-06-21	5
3354	08,14,15,20,32,33	03-06-21	6
3355	07,09,10,21,24,33	05-06-21	2
3356	02,05,22,26,30,33	08-06-21	4
3357	02,10,19,32,33,37	12-06-21	6
3358	03,16,22,25,26,37	15-06-21	5
3359	01,02,08,19,28,30	17-06-21	4
3360	12,18,20,26,29,37	19-06-21	6
3361	03,06,08,13,18,27	22-06-21	5
3362	03,04,09,19,22,26	26-06-21	1
3363	07,12,13,21,28,35	29-06-21	6
3364	02,13,19,20,22,25	01-07-21	6
3365	02,10,13,16,32,37	03-07-21	6
3366	08,11,14,16,18,29	06-07-21	5
3367	02,08,15,16,23,33	10-07-21	4
3368	08,09,23,24,28,33	13-07-21	3
3369	11,13,14,17,21,23	18-07-21	1
3370	02,11,13,27,28,31	20-07-21	1
3371	04,12,20,30,35,37	22-07-21	7
3372	10,16,19,23,24,28	24-07-21	6
3373	15,18,23,25,29,37	27-07-21	3
3374	16,24,28,34,35,36	31-07-21	1
3375	01,11,21,23,27,36	03-08-21	1
3376	02,04,10,11,18,35	05-08-21	6
3377	13,17,18,23,25,27	07-08-21	3
3378	03,09,10,17,24,32	10-08-21	3
3379	02,12,13,23,25,30	14-08-21	7
3380	04,11,25,26,28,37	17-08-21	7
3381	06,21,25,26,30,35	21-08-21	5
3382	15,18,21,28,31,33	24-08-21	2
3383	04,05,08,17,26,36	28-08-21	7
3384	06,11,15,20,36,37	31-08-21	4
3385	01,02,11,16,28,37	02-09-21	4
3386	02,06,12,13,26,37	04-09-21	3
3387	01,03,09,23,25,27	09-09-21	1
3388	15,19,21,30,32,35	11-09-21	5
3389	04,08,24,25,30,31	14-09-21	7
3390	08,26,28,29,33,35	18-09-21	6
3391	04,06,12,20,31,36	22-09-21	6
3392	11,14,16,30,32,35	25-09-21	2
3393	03,05,08,09,19,36	29-09-21	2
3394	10,12,13,17,30,31	02-10-21	7
3395	04,10,11,14,15,33	05-10-21	3
3396	07,20,24,26,33,36	09-10-21	4
3397	07,11,22,28,31,32	12-10-21	3
3398	08,16,17,20,29,30	14-10-21	5
3399	05,10,14,20,23,28	16-10-21	4
3400	07,12,24,28,32,34	19-10-21	5
3401	07,16,17,22,26,29	23-10-21	5
3402	14,17,27,29,33,35	26-10-21	3
3403	01,02,17,19,36,37	30-10-21	4
3404	02,06,10,12,24,31	02-11-21	1
3405	01,04,15,26,33,37	04-11-21	5
3406	07,08,21,24,26,30	06-11-21	5
3407	06,09,19,21,28,36	09-11-21	7
3408	02,09,13,31,34,37	13-11-21	2
3409	07,09,17,20,22,26	16-11-21	4
3410	04,09,20,23,32,37	18-11-21	2
3411	13,18,20,23,26,36	20-11-21	1
3412	08,15,16,23,27,33	23-11-21	2
3413	08,17,22,24,28,33	27-11-21	1
3414	03,04,19,27,32,33	30-11-21	5
3415	03,15,19,26,27,31	02-12-21	6
3416	15,20,23,26,28,37	04-12-21	3
3417	05,11,13,18,32,37	07-12-21	1
3418	12,15,17,20,21,23	11-12-21	1
3419	06,08,10,12,25,34	14-12-21	4
3420	06,13,15,20,29,31	16-12-21	5
3421	01,05,10,13,30,33	18-12-21	1
3422	04,24,28,30,32,34	21-12-21	1
3423	16,20,21,23,34,36	25-12-21	7
3424	06,08,14,15,23,36	28-12-21	1
3425	04,08,09,28,33,37	01-01-22	2
3426	01,06,09,12,28,29	04-01-22	7
3427	07,10,12,15,18,34	08-01-22	3
3428	08,09,30,31,33,36	11-01-22	4
3429	01,05,10,11,23,34	13-01-22	5
3430	07,12,17,19,36,37	15-01-22	3
3431	08,17,21,27,33,34	18-01-22	3
3432	08,16,18,19,35,36	22-01-22	6
3433	03,24,26,27,32,37	25-01-22	5
3434	03,05,07,23,26,36	29-01-22	1
3435	02,06,09,11,33,37	01-02-22	1
3436	06,07,16,30,32,36	05-02-22	3
3437	02,15,17,18,31,33	08-02-22	1
3438	03,09,10,16,27,31	10-02-22	5
3439	02,05,12,15,16,34	12-02-22	4
3440	04,08,11,12,15,25	15-02-22	2
3441	09,12,15,25,29,30	19-02-22	5
3442	14,22,25,28,33,34	22-02-22	6
3443	01,22,27,30,31,37	26-02-22	3
3444	07,16,20,30,32,33	01-03-22	5
3445	10,12,19,23,27,30	05-03-22	3
3446	01,02,04,08,18,21	08-03-22	5
3447	01,04,16,21,22,35	12-03-22	7
3448	03,09,16,27,34,37	15-03-22	7
3449	08,18,21,23,33,36	17-03-22	1
3450	09,10,18,19,29,35	19-03-22	7
3451	02,16,26,27,33,35	22-03-22	7
3452	01,11,12,13,18,36	26-03-22	2
3453	01,03,05,11,25,31	29-03-22	1
3454	01,03,09,26,29,34	02-04-22	1
3455	07,14,15,20,27,36	05-04-22	5
3456	15,20,27,29,36,37	07-04-22	7
3457	02,12,19,29,30,33	09-04-22	1
3458	09,15,17,23,26,29	12-04-22	3
3459	06,07,14,19,20,23	16-04-22	6
3460	02,03,05,08,14,19	19-04-22	7
3461	10,13,17,22,29,35	24-04-22	3
3462	07,10,11,19,22,29	26-04-22	6
3463	08,09,10,18,29,32	30-04-22	2
3464	01,14,15,17,28,37	02-05-22	1
3465	03,13,21,24,27,35	07-05-22	2
3466	17,19,21,23,25,34	10-05-22	7
3467	09,16,17,21,26,29	14-05-22	6
3468	01,04,05,24,31,32	17-05-22	6
3469	01,08,18,25,29,30	19-05-22	1
3470	03,04,05,15,24,33	21-05-22	6
3471	06,10,13,20,23,35	24-05-22	7
3472	01,02,08,19,31,33	28-05-22	7
3473	02,05,10,19,27,36	31-05-22	1
3474	11,24,25,27,29,32	02-06-22	3
3475	03,06,13,23,25,29	07-06-22	5
3476	07,08,20,31,36,37	11-06-22	4
3477	03,05,06,10,15,36	14-06-22	3
3478	01,07,10,13,29,36	16-06-22	2
3479	01,04,09,12,30,31	18-06-22	3
3480	04,06,07,12,17,27	21-06-22	7
3481	12,17,26,28,32,35	25-06-22	1
3482	01,04,07,21,22,36	28-06-22	6
3483	02,04,12,14,26,37	02-07-22	4
3484	01,15,16,31,32,33	05-07-22	2
3485	01,12,15,19,27,31	09-07-22	4
3486	09,14,15,23,27,33	12-07-22	2
3487	06,12,15,19,26,27	14-07-22	4
3488	01,07,08,11,12,25	16-07-22	2
3489	04,08,09,10,15,24	19-07-22	7
3490	07,13,19,21,25,37	23-07-22	6
3491	11,12,13,16,34,36	26-07-22	6
3492	02,15,17,27,34,37	28-07-22	1
3493	07,13,24,26,35,37	30-07-22	7
3494	06,08,09,20,23,28	02-08-22	7
3495	08,19,25,30,31,36	07-08-22	2
3496	06,09,12,14,25,29	09-08-22	7
3497	14,18,21,27,28,34	13-08-22	3
3498	01,11,15,19,21,32	16-08-22	2
3499	08,13,16,19,23,36	20-08-22	1
3500	02,06,14,17,25,33	23-08-22	3
3501	09,16,22,27,30,34	27-08-22	6
3502	09,12,17,18,20,36	30-08-22	7
3503	01,09,13,20,22,36	03-09-22	5
3504	03,20,23,25,32,35	06-09-22	5
3505	02,07,14,17,19,28	10-09-22	4
3506	02,07,10,13,25,34	13-09-22	6
3507	06,07,15,19,27,33	15-09-22	7
3508	09,11,14,20,31,33	17-09-22	1
3509	01,15,17,29,33,34	20-09-22	2
3510	04,10,11,13,20,32	24-09-22	1
3511	06,21,24,27,28,37	29-09-22	6
3512	09,17,20,21,30,33	01-10-22	7
3513	05,06,11,18,19,35	06-10-22	2
3514	02,12,14,15,33,37	08-10-22	3
3515	05,16,18,26,29,35	11-10-22	4
3516	03,15,17,21,26,29	15-10-22	6
3517	05,07,13,17,25,32	18-10-22	4
3518	05,11,13,19,32,37	22-10-22	5
3519	05,07,10,16,31,32	25-10-22	4
3520	12,13,22,25,28,36	27-10-22	2
3521	02,05,15,24,32,33	29-10-22	3
3522	02,03,04,05,11,15	01-11-22	3
3523	06,09,22,25,31,34	05-11-22	4
3524	04,05,06,31,33,36	08-11-22	7
3525	04,09,17,25,33,37	12-11-22	6
3526	04,09,10,15,26,27	15-11-22	2
3527	03,12,13,16,29,34	17-11-22	1
3528	10,13,16,29,30,35	19-11-22	4
3529	11,17,25,26,27,32	22-11-22	4
3530	02,05,09,12,15,16	26-11-22	4
3531	04,05,06,25,26,28	29-11-22	7
3532	05,18,19,23,24,35	01-12-22	2
3533	04,16,26,29,35,37	03-12-22	6
3534	03,06,14,19,34,35	06-12-22	3
3535	13,22,25,26,33,37	10-12-22	3
3536	07,11,30,31,33,35	13-12-22	6
3537	06,14,20,28,33,34	15-12-22	7
3538	06,11,15,16,17,22	17-12-22	7
3539	06,08,13,20,34,35	20-12-22	6
3540	06,17,24,25,30,34	24-12-22	7
3541	06,07,14,27,31,32	27-12-22	6
3542	04,08,17,20,24,32	31-12-22	3
3543	02,06,29,30,31,32	03-01-23	2
3544	10,14,17,20,31,36	07-01-23	5
3545	01,26,28,31,34,36	10-01-23	3
3546	04,05,09,18,19,35	14-01-23	2
3547	01,05,09,12,18,36	17-01-23	6
3548	06,07,09,18,21,31	21-01-23	7
3549	03,16,20,28,34,36	24-01-23	3
3550	01,12,18,28,29,33	28-01-23	1
3551	01,11,23,25,32,33	31-01-23	1
3552	05,06,12,14,34,35	04-02-23	7
3553	05,06,10,17,24,27	07-02-23	2
3554	12,27,29,30,33,34	11-02-23	4
3555	02,10,12,19,23,34	14-02-23	5
3556	07,10,11,22,31,32	18-02-23	6
3557	03,07,11,21,35,36	21-02-23	2
3558	10,22,24,27,29,34	25-02-23	7
3559	03,07,12,13,23,35	28-02-23	6
3560	04,05,15,17,25,31	04-03-23	5
3561	09,11,12,19,21,30	07-03-23	6
3562	03,09,15,19,21,23	11-03-23	7
3563	01,05,10,12,20,32	14-03-23	5
3564	14,15,19,23,24,30	18-03-23	1
3565	05,14,18,21,32,34	21-03-23	5
3566	05,11,22,23,31,36	23-03-23	5
3567	03,12,13,16,17,25	25-03-23	6
3568	08,12,14,25,29,32	28-03-23	1
3569	08,11,22,25,30,32	01-04-23	5
3570	02,05,09,10,14,35	04-04-23	5
3571	03,10,20,31,32,36	08-04-23	4
3572	01,03,04,19,20,34	13-04-23	5
3573	02,04,12,22,27,36	15-04-23	3
3574	02,05,09,11,26,29	18-04-23	7
3575	05,12,14,23,25,29	22-04-23	4
3576	04,10,11,26,29,37	27-04-23	2
3577	01,08,11,25,31,33	29-04-23	7
3578	04,10,14,29,33,35	02-05-23	2
3579	02,03,09,10,16,20	06-05-23	6
3580	07,12,16,26,28,30	09-05-23	5
3581	02,03,14,31,35,37	11-05-23	4
3582	11,13,16,20,29,37	13-05-23	3
3583	02,07,08,09,10,25	16-05-23	6
3584	04,07,15,30,31,35	20-05-23	2
3585	15,16,24,25,26,32	23-05-23	2
3586	01,03,05,19,31,36	27-05-23	1
3587	04,05,12,22,27,29	30-05-23	5
3588	09,20,21,24,27,31	01-06-23	2
3589	09,16,19,23,24,35	03-06-23	4
3590	04,09,13,14,15,37	06-06-23	3
3591	04,13,19,22,26,31	10-06-23	4
3592	01,04,16,26,29,35	13-06-23	2
3593	09,11,18,24,25,27	17-06-23	6
3594	05,06,08,13,25,27	20-06-23	4
3595	08,14,18,21,28,30	22-06-23	3
3596	01,13,14,23,29,33	24-06-23	1
3597	07,08,09,19,21,33	27-06-23	4
3598	08,09,19,24,29,34	01-07-23	1
3599	01,16,17,20,21,27	04-07-23	2
3600	07,11,12,21,36,37	08-07-23	5
3601	07,12,13,27,34,36	11-07-23	4
3602	07,09,17,29,30,33	13-07-23	7
3603	10,11,27,28,30,31	15-07-23	1
3604	07,08,11,17,18,34	18-07-23	3
3605	02,04,18,22,29,30	22-07-23	2
3606	05,10,11,23,35,37	25-07-23	7
3607	02,08,09,13,28,31	29-07-23	6
3608	03,12,13,14,23,37	01-08-23	4
3609	15,18,22,24,31,33	05-08-23	1
3610	03,09,12,21,26,30	08-08-23	1
3611	07,17,25,27,29,36	10-08-23	4
3612	06,18,23,25,27,35	12-08-23	1
3613	02,16,17,29,32,35	15-08-23	6
3614	11,12,14,15,16,27	19-08-23	1
3615	02,06,10,23,24,29	22-08-23	5
3616	06,07,14,21,25,34	26-08-23	4
3617	06,08,15,19,26,31	29-08-23	5
3618	04,12,22,27,30,34	02-09-23	2
3619	02,03,05,09,36,37	05-09-23	3
3620	07,17,19,25,35,37	07-09-23	6
3621	13,17,24,30,35,37	09-09-23	4
3622	04,23,25,31,33,36	12-09-23	4
3623	01,09,12,13,14,22	17-09-23	1
3624	08,10,12,23,25,31	19-09-23	5
3625	11,13,16,21,25,35	23-09-23	2
3626	09,11,12,20,23,34	26-09-23	2
3627	01,05,09,13,29,33	30-09-23	6
3628	06,11,20,21,25,37	03-10-23	6
3629	02,04,09,19,24,37	24-10-23	4
3630	01,12,18,26,30,33	26-10-23	1
3631	07,08,16,31,34,35	31-10-23	6
3632	10,14,20,33,34,35	02-11-23	1
3633	05,10,28,30,32,36	07-11-23	3
3634	09,15,19,25,31,34	09-11-23	3
3635	08,19,20,22,23,35	14-11-23	7
3636	10,11,17,24,30,37	16-11-23	1
3637	03,04,07,11,30,31	21-11-23	7
3638	08,20,27,28,32,35	23-11-23	2
3639	11,13,23,31,32,37	28-11-23	4
3640	07,17,19,22,28,31	30-11-23	7
3641	01,07,09,18,28,37	05-12-23	3
3642	01,08,11,21,27,29	07-12-23	2
3643	03,11,12,17,19,29	12-12-23	4
3644	04,07,11,22,28,31	16-12-23	5
3645	03,05,21,23,34,36	19-12-23	7
3646	02,07,11,19,22,29	23-12-23	6
3647	01,03,05,15,29,35	26-12-23	4
3648	04,08,12,27,33,37	30-12-23	5
3649	05,09,12,21,22,28	02-01-24	1
3650	02,05,08,09,10,26	06-01-24	3
3651	14,17,21,24,25,30	09-01-24	4
3652	03,09,11,13,23,25	13-01-24	3
3653	08,12,13,24,25,29	16-01-24	5
3654	03,05,22,28,35,36	20-01-24	6
3655	09,13,30,33,34,35	23-01-24	2
3656	03,07,11,16,22,33	25-01-24	3
3657	01,17,18,21,34,36	27-01-24	1
3658	07,10,11,21,25,26	30-01-24	6
3659	01,03,11,19,32,35	03-02-24	1
3660	01,08,09,16,33,34	06-02-24	7
3661	20,23,26,27,30,34	10-02-24	6
3662	01,15,19,21,24,34	13-02-24	3
3663	01,04,18,22,26,34	15-02-24	2
3664	06,08,13,27,33,34	17-02-24	7
3665	12,25,27,29,33,34	20-02-24	3
3666	10,16,20,24,31,32	24-02-24	2
3667	16,18,20,21,23,37	27-02-24	2
3668	01,11,13,24,27,32	02-03-24	2
3669	18,19,26,30,33,36	05-03-24	5
3670	05,15,20,21,25,30	09-03-24	6
3671	01,02,04,06,07,21	12-03-24	1
3672	04,07,18,19,24,32	14-03-24	5
3673	18,20,27,28,35,36	16-03-24	4
3674	13,17,21,24,27,36	19-03-24	2
3675	01,10,17,21,31,35	23-03-24	2
3676	01,03,04,20,26,35	26-03-24	1
3677	07,18,22,27,33,35	30-03-24	2
3678	02,08,15,24,26,28	02-04-24	4
3679	09,15,16,27,28,34	06-04-24	5
3680	01,11,13,18,22,29	09-04-24	4
3681	13,20,25,27,33,37	11-04-24	3
3682	01,10,23,24,25,37	13-04-24	1
3683	01,20,21,23,25,35	16-04-24	5
3684	01,02,10,14,22,34	20-04-24	5
3685	01,08,12,19,31,34	23-04-24	4
3686	01,02,03,06,21,24	27-04-24	1
3687	05,09,22,23,24,25	30-04-24	4
3688	14,16,22,24,27,33	04-05-24	6
3689	06,13,17,25,29,37	07-05-24	5
3690	05,11,14,18,24,28	11-05-24	4
3691	06,20,22,27,30,32	15-05-24	2
3692	02,04,19,25,32,34	18-05-24	1
3693	15,26,27,28,32,36	21-05-24	6
3694	04,10,17,19,30,37	23-05-24	5
3695	13,15,19,21,31,33	25-05-24	7
3696	04,05,07,18,21,30	28-05-24	6
3697	07,10,14,27,32,35	01-06-24	6
3698	01,02,22,31,34,37	04-06-24	2
3699	05,09,27,29,32,36	08-06-24	4
3700	03,07,10,11,30,35	13-06-24	1
3701	13,18,26,27,31,35	15-06-24	2
3702	07,09,25,30,34,36	18-06-24	7
3703	02,10,23,28,29,37	20-06-24	2
3704	10,12,14,27,28,31	22-06-24	7
3705	11,16,24,25,35,36	25-06-24	6
3706	01,07,12,14,22,26	29-06-24	1
3707	01,03,20,26,29,34	02-07-24	1
3708	02,11,14,26,27,30	06-07-24	5
3709	06,11,12,19,34,36	09-07-24	2
3710	04,10,19,20,25,28	11-07-24	3
3711	07,10,17,29,33,35	13-07-24	3
3712	12,19,30,32,34,35	16-07-24	5
3713	03,06,19,24,29,37	20-07-24	1
3714	04,07,10,21,27,28	23-07-24	6
3715	04,22,26,27,32,36	25-07-24	5
3716	13,16,18,19,29,37	27-07-24	7
3717	06,16,20,21,22,34	30-07-24	5
3718	02,12,16,17,26,32	03-08-24	6
3719	04,14,22,27,30,33	06-08-24	6
3720	07,08,19,27,30,35	10-08-24	5
3721	02,12,13,19,21,34	13-08-24	7
3722	09,22,23,24,25,29	17-08-24	3
3723	11,13,18,23,24,30	20-08-24	4
3724	02,06,11,15,23,33	22-08-24	5
3725	15,24,26,28,30,36	24-08-24	2
3726	04,08,18,23,35,36	27-08-24	3
3727	01,03,11,25,30,33	31-08-24	7
3728	01,03,08,23,26,34	03-09-24	5
3729	01,03,05,21,25,30	07-09-24	7
3730	06,12,17,18,27,36	10-09-24	6
3731	09,12,18,24,30,34	12-09-24	4
3732	08,20,24,30,32,34	14-09-24	2
3733	08,24,26,28,29,35	17-09-24	5
3734	05,11,14,15,23,35	21-09-24	3
3735	05,17,23,26,33,37	24-09-24	1
3736	07,09,10,16,21,36	26-09-24	2
3737	20,21,22,31,33,37	28-09-24	4
3738	03,09,11,17,19,23	01-10-24	6
3739	06,15,19,25,28,29	06-10-24	7
3740	02,03,07,08,09,25	08-10-24	3
3741	06,07,11,24,27,35	13-10-24	3
3742	06,10,12,20,28,35	15-10-24	5
3743	01,09,15,18,35,37	19-10-24	6
3744	11,21,23,24,27,37	22-10-24	5
3745	19,21,29,30,34,35	26-10-24	2
3746	03,15,21,23,27,30	29-10-24	1
3747	14,21,23,26,28,30	31-10-24	5
3748	05,06,13,25,28,36	02-11-24	7
3749	01,11,27,32,35,36	05-11-24	3
3750	03,07,09,11,23,34	09-11-24	4
3751	01,03,09,12,29,36	12-11-24	3
3752	04,05,09,10,21,26	16-11-24	2
3753	12,14,18,21,22,29	19-11-24	4
3754	01,06,16,23,26,27	21-11-24	2
3755	04,16,17,24,33,35	23-11-24	5
3756	03,07,24,28,30,34	26-11-24	1
3757	03,07,10,13,25,33	30-11-24	6
3758	02,07,09,19,20,35	03-12-24	7
3759	11,15,16,22,24,37	07-12-24	1
3760	04,05,11,20,27,32	10-12-24	7
3761	10,24,28,31,36,37	14-12-24	6
3762	02,03,06,10,27,32	17-12-24	2
3763	09,21,26,27,31,34	21-12-24	5
3764	14,18,22,26,29,35	24-12-24	5
3765	03,07,10,12,15,36	26-12-24	7
3766	06,13,15,24,30,34	28-12-24	7
3767	01,04,12,15,32,33	31-12-24	4
3768	06,17,21,22,28,33	04-01-25	5
3769	04,05,20,23,33,35	07-01-25	5
3770	02,21,25,32,34,35	11-01-25	6
3771	01,06,12,18,31,34	14-01-25	3
3772	11,14,23,24,34,35	16-01-25	3
3773	02,15,19,23,26,37	18-01-25	4
3774	04,13,16,30,32,37	21-01-25	1
3775	05,08,14,15,26,31	25-01-25	1
3776	02,11,17,19,20,31	28-01-25	6
3777	07,24,25,27,30,35	01-02-25	7
3778	02,09,12,15,19,37	04-02-25	7
3779	01,05,24,27,28,31	08-02-25	4
3780	10,20,26,28,30,33	11-02-25	3
3781	02,11,17,18,25,34	13-02-25	4
3782	12,13,21,23,24,33	15-02-25	3
3783	03,14,25,29,30,31	18-02-25	6
3784	03,07,08,21,24,35	22-02-25	2
3785	02,03,07,10,14,18	25-02-25	1
3786	15,17,21,30,34,37	01-03-25	7
3787	11,15,21,22,28,29	04-03-25	1
3788	01,04,16,26,27,34	08-03-25	2
3789	03,05,14,19,22,27	11-03-25	2
3790	04,07,09,10,12,27	15-03-25	7
3791	10,11,23,26,29,34	18-03-25	1
3792	02,08,11,21,25,34	20-03-25	2
3793	01,03,08,14,17,33	22-03-25	2
3794	06,13,18,20,22,28	25-03-25	5
3795	04,05,11,18,19,27	29-03-25	1
3796	11,16,18,31,34,37	01-04-25	4
3797	02,18,20,21,26,34	05-04-25	1
3798	12,22,23,25,28,33	08-04-25	6
3799	01,04,21,22,28,29	10-04-25	5
3800	04,10,14,29,36,37	13-04-25	7
3801	01,02,11,15,21,33	15-04-25	5
3802	14,21,24,34,35,37	19-04-25	6
3803	06,18,22,30,32,37	22-04-25	6
3804	04,06,11,16,21,30	26-04-25	3
3805	02,08,13,21,28,35	28-04-25	5
3806	01,07,23,29,32,35	03-05-25	6
3807	01,03,08,27,29,31	06-05-25	6
3808	01,15,27,28,31,37	10-05-25	2
3809	05,08,21,23,29,35	13-05-25	7
3810	04,05,06,21,22,24	15-05-25	5
3811	08,13,14,22,25,28	17-05-25	4
3812	01,10,16,18,28,35	20-05-25	7
3813	01,19,23,28,35,36	24-05-25	5
3814	01,05,15,18,24,32	27-05-25	3
3815	08,14,17,18,25,32	31-05-25	6
3816	04,07,10,11,16,24	03-06-25	7
3817	01,07,14,17,21,37	07-06-25	7
3818	01,04,08,14,25,31	10-06-25	4
3819	02,04,09,24,26,35	12-06-25	2
3820	10,12,13,19,20,27	21-06-25	7
3821	03,15,17,22,31,33	28-06-25	6
3822	03,15,18,26,28,36	01-07-25	6
3823	02,09,12,24,27,32	03-07-25	5
3824	06,08,14,16,20,25	05-07-25	1
3825	10,11,16,17,20,28	08-07-25	1
3826	09,20,22,35,36,37	12-07-25	2
3827	20,21,27,29,30,33	15-07-25	3
3828	03,13,21,27,30,36	19-07-25	7
3829	02,05,11,12,28,29	22-07-25	5
3830	02,10,16,28,29,33	24-07-25	2
3831	02,04,18,25,26,36	26-07-25	5
3832	11,17,20,24,32,35	29-07-25	6
3833	08,10,13,18,23,26	03-08-25	4
3834	10,16,18,26,29,30	05-08-25	3
3835	17,25,29,30,31,35	09-08-25	2
3836	06,16,21,34,35,37	12-08-25	6
3837	03,06,13,28,30,31	14-08-25	7
3838	21,22,24,25,29,35	16-08-25	1
3839	01,03,07,17,20,35	19-08-25	4
3840	09,10,11,14,16,27	23-08-25	7
3841	11,14,24,25,26,30	26-08-25	3
3842	20,21,23,24,28,31	28-08-25	4
3843	03,04,08,24,25,26	30-08-25	6
3844	02,07,19,26,27,32	02-09-25	5
3845	13,25,26,28,30,35	06-09-25	4
3846	02,04,20,23,29,34	09-09-25	1
3847	10,14,18,27,28,34	11-09-25	3
3848	02,04,07,14,30,36	13-09-25	4
3849	01,02,11,17,19,26	16-09-25	6
3850	03,24,33,35,36,37	20-09-25	3
3851	02,03,15,25,31,32	25-09-25	5
3852	17,23,25,27,30,37	27-09-25	4
3853	08,12,18,22,31,32	30-09-25	5
3854	12,14,17,19,31,33	05-10-25	3
3855	04,19,22,23,27,33	09-10-25	5
3856	10,18,20,21,29,34	11-10-25	2
3857	02,06,09,13,17,27	14-10-25	1
3858	23,28,29,31,35,36	18-10-25	6
3859	20,22,23,25,26,27	21-10-25	6
3860	04,06,16,17,24,31	23-10-25	7
3861	05,10,12,17,24,36	25-10-25	6
3862	05,07,21,24,30,32	28-10-25	5
3863	12,14,17,18,34,37	01-11-25	2
3864	12,15,18,19,29,37	04-11-25	4
3865	02,14,18,20,28,32	08-11-25	7
3866	01,03,04,17,22,28	11-11-25	2
3867	05,08,16,19,35,36	13-11-25	5
3868	02,21,26,27,30,33	15-11-25	5
3869	05,06,13,20,26,27	18-11-25	4
3870	06,07,14,23,24,33	22-11-25	5
3871	07,14,25,28,33,36	25-11-25	3
3872	16,23,27,29,30,33	29-11-25	3
3873	01,11,24,25,36,37	02-12-25	3
3874	09,12,13,17,19,33	04-12-25	4
3875	04,14,17,26,31,34	06-12-25	6
3876	05,08,09,25,34,36	09-12-25	1
3877	01,07,21,24,28,33	13-12-25	2
3878	01,05,23,25,28,33	16-12-25	2
3879	07,08,10,12,13,21	20-12-25	5
3880	02,09,11,19,22,28	23-12-25	4
3881	11,22,26,29,30,37	25-12-25	4
3882	08,11,15,18,24,34	27-12-25	4
3883	01,10,16,17,25,31	30-12-25	5
3884	06,10,18,22,29,34	03-01-26	6
3885	01,16,21,30,34,36	06-01-26	3
3886	01,02,07,18,23,25	08-01-26	5
3887	09,11,12,19,22,37	10-01-26	5
3888	01,02,13,15,24,31	13-01-26	6
3889	10,11,16,17,21,29	17-01-26	6
3890	07,19,32,34,35,37	20-01-26	4
3891	03,07,13,18,19,35	24-01-26	1
3892	03,15,21,23,26,35	27-01-26	1
3893	05,14,18,22,26,31	29-01-26	5
3894	05,23,25,27,28,32	31-01-26	2
3895	05,08,30,32,33,34	03-02-26	2
3896	13,14,26,31,33,36	07-02-26	4
3897	01,03,08,20,24,37	10-02-26	1
3898	06,09,10,11,21,22	14-02-26	2
3899	07,10,14,25,29,36	17-02-26	7
3900	07,09,25,26,35,36	19-02-26	3
3901	04,08,11,18,19,35	21-02-26	7
3902	13,15,16,20,35,36	24-02-26	7
3903	03,08,10,17,29,35	07-03-26	7
3904	19,20,23,24,31,33	10-03-26	6
3905	02,04,07,09,10,13	12-03-26	7
3906	05,07,20,22,31,35	14-03-26	2
3907	22,24,25,27,30,37	17-03-26	2
3908	02,07,08,26,34,36	21-03-26	1
3909	09,10,23,25,27,30	24-03-26	3
3910	08,13,15,27,28,31	26-03-26	3
3911	02,03,08,09,10,11	28-03-26	2
3912	13,18,19,21,29,37	31-03-26	5
3913	10,17,21,23,26,34	04-04-26	3
3914	01,02,08,16,17,25	09-04-26	7
3915	16,17,18,19,26,29	11-04-26	6
3916	01,03,16,17,18,37	14-04-26	2
3917	03,13,15,16,19,27	18-04-26	6
3918	07,08,15,16,21,24	23-04-26	4
3919	05,06,12,19,24,27	25-04-26	7
3920	03,07,12,18,24,27	28-04-26	5
3921	05,08,27,31,32,34	02-05-26	7
3922	04,11,30,32,35,36	05-05-26	6
3923	01,07,19,22,27,34	09-05-26	5
3924	02,05,11,14,24,29	12-05-26	3
3925	09,10,17,18,21,32	14-05-26	2
3926	04,09,14,18,21,32	16-05-26	2
3927	04,10,18,21,32,33	19-05-26	2
3928	02,05,06,08,30,37	24-05-26	6
3929	05,06,09,15,16,21	26-05-26	5
3930	10,23,25,28,32,33	30-05-26	4
3931	01,04,17,26,32,37	02-06-26	3
3932	04,08,18,21,28,36	04-06-26	2
3933	07,11,18,22,35,36	06-06-26	4
3934	11,19,20,29,31,35	09-06-26	2
3935	04,11,13,25,32,37	13-06-26	5
3936	06,11,21,24,26,29	16-06-26	4
3937	03,05,06,15,21,36	20-06-26	5
3938	01,07,12,14,30,32	23-06-26	2
3939	07,12,16,18,29,35	25-06-26	7
3940	05,06,08,13,24,37	27-06-26	5
3941	05,07,24,31,34,37	30-06-26	4
3942	06,07,18,19,23,34	04-07-26	1
3943	05,15,16,27,32,37	07-07-26	2
3944	07,14,28,30,31,37	11-07-26	1
3945	05,08,23,26,35,37	14-07-26	7
3946	02,14,21,26,27,28	16-07-26	2
3947	05,06,08,31,32,36	18-07-26	4
3948	11,12,13,19,20,36	21-07-26	4
3949	08,14,20,25,26,34	25-07-26	6
3950	01,08,09,19,21,23	28-07-26	7
3951	12,14,16,18,32,33	01-08-26	4
3952	01,09,13,20,23,35	04-08-26	4
3953	01,06,09,16,22,33	08-08-26	7
3954	02,06,18,20,31,34	11-08-26	6
3955	01,03,13,16,19,29	13-08-26	1
3956	01,09,13,17,22,23	15-08-26	5
3957	01,03,05,10,11,18	18-08-26	5
3958	04,05,06,09,11,17	22-08-26	1
3959	03,18,20,21,24,34	25-08-26	6
3960	01,04,06,09,34,35	29-08-26	4
3961	01,02,07,21,31,35	01-09-26	3
3962	02,04,08,09,21,23	03-09-26	5
3963	02,09,11,20,23,29	05-09-26	2
3964	02,04,09,20,32,33	08-09-26	5
3965	02,15,22,28,29,32	13-09-26	1
